t_s,theta1_deg,theta2_deg,x_m,y_m
0.000000,0.000000,0.000000,0.900000,0.000000
1.000000,30.000000,-60.000000,0.779423,0.050000
2.000000,30.000000,-90.000000,0.633013,-0.096410
3.000000,30.000000,-60.000000,0.779423,0.050000
4.000000,75.000000,-90.000000,0.515780,0.379435
5.000000,110.000000,-60.000000,0.086105,0.776264
6.000000,110.000000,-90.000000,0.204867,0.606654
7.000000,50.000000,0.000000,0.578509,0.689440
